Workbook

Sheet 填写表
A1: FROM:本端 (請依序輸入內容) | B1: TO:对端 (請依序輸入內容) | D1: 1、打印表格不能够有任何改动，否则会打印会有偏差。
C3: 第 | D3: 3、由于设计到引用，工作表名称不能够改变。
D5: 5、此打印表格会根据数据的增多而自动分页，超过5页后请重置数据。
D6: 备注： | E6: 1，根据打印内容，文字多少，具体调节字体大小
E7: 2，根据激光打印机所设边距不同，要进行具体微调
E8: 3，使用喷墨打印机效果不好，不建议使用。
E9: 4，建议先打一张普通纸和标签纸对位，然后进行微调整。
D10: 通信机房标签 专业品质 优质服务
D11: 联系电话：15328779981
C16: 一
C29: 张

Sheet 打印表
C1: =填写表!B2 | E1: =填写表!A2 | I1: =填写表!B3 | K1: =填写表!A3 | O1: =填写表!B4 | Q1: =填写表!A4 | U1: =填写表!B5 | W1: =填写表!A5 | AA1: =填写表!B6 | AC1: =填写表!A6
A3: =填写表!A7 | B3: =填写表!B7 | G3: =填写表!A8 | H3: =填写表!B8 | M3: =填写表!A9 | N3: =填写表!B9 | S3: =填写表!A10 | T3: =填写表!B10 | Y3: =填写表!A11 | Z3: =填写表!B11
C5: =填写表!B12 | E5: =填写表!A12 | I5: =填写表!B13 | K5: =填写表!A13 | O5: =填写表!B14 | Q5: =填写表!A14 | U5: =填写表!B15 | W5: =填写表!A15 | AA5: =填写表!B16 | AC5: =填写表!A16
A7: =填写表!A17 | B7: =填写表!B17 | G7: =填写表!A18 | H7: =填写表!B18 | M7: =填写表!A19 | N7: =填写表!B19 | S7: =填写表!A20 | T7: =填写表!B20 | Y7: =填写表!A21 | Z7: =填写表!B21
C9: =填写表!B22 | E9: =填写表!A22 | I9: =填写表!B23 | K9: =填写表!A23 | O9: =填写表!B24 | Q9: =填写表!A24 | U9: =填写表!B25 | W9: =填写表!A25 | AA9: =填写表!B26 | AC9: =填写表!A26
A11: =填写表!A27 | B11: =填写表!B27 | G11: =填写表!A28 | H11: =填写表!B28 | M11: =填写表!A29 | N11: =填写表!B29 | S11: =填写表!A30 | T11: =填写表!B30 | Y11: =填写表!A31 | Z11: =填写表!B31

Sheet 打印机设置说明
